tick,event_time_ns,time_kst,seconds_from_detection,v_ref,v_act,stopline_detected,remaining_m,distance_known,signal
3253,1789335623826466222,06:40:23.826,-1.9996821880340576,2.0,1.93400085,0,,0,1
3254,1789335623836987868,06:40:23.836,-1.9891605377197266,2.0,1.934998155,0,,0,1
3255,1789335623846202287,06:40:23.846,-1.9799461364746094,2.0,1.934998155,0,,0,1
3256,1789335623856121774,06:40:23.856,-1.9700267314910889,2.0,1.934340477,0,,0,1
3257,1789335623866124888,06:40:23.866,-1.9600236415863037,2.0,1.935015917,0,,0,1
3258,1789335623876153895,06:40:23.876,-1.9499945640563965,2.0,1.935257077,0,,0,1
3259,1789335623886164365,06:40:23.886,-1.9399840831756592,2.0,1.936109662,0,,0,1
3260,1789335623896161236,06:40:23.896,-1.9299871921539307,2.0,1.93571651,0,,0,1
3261,1789335623906135302,06:40:23.906,-1.920013189315796,2.0,1.93571651,0,,0,1
3262,1789335623916163031,06:40:23.916,-1.9099855422973633,2.0,1.936598539,0,,0,1
3263,1789335623926563099,06:40:23.926,-1.899585485458374,2.0,1.936038017,0,,0,1
3264,1789335623936126284,06:40:23.936,-1.8900222778320312,2.0,1.936038017,0,,0,1
3265,1789335623946148561,06:40:23.946,-1.8799998760223389,2.0,1.936870456,0,,0,1
3266,1789335623956125205,06:40:23.956,-1.870023250579834,2.0,1.935907364,0,,0,1
3267,1789335623966127257,06:40:23.966,-1.8600211143493652,2.0,1.936225653,0,,0,1
3268,1789335623976131237,06:40:23.976,-1.8500170707702637,2.0,1.936225653,0,,0,1
3269,1789335623986140958,06:40:23.986,-1.8400075435638428,2.0,1.935452461,0,,0,1
3270,1789335623996214118,06:40:23.996,-1.8299345970153809,2.0,1.935452461,0,,0,1
3271,1789335624006167730,06:40:24.006,-1.8199806213378906,2.0,1.935083866,0,,0,1
3272,1789335624016184289,06:40:24.016,-1.8099641799926758,2.0,1.934456825,0,,0,1
3273,1789335624026249865,06:40:24.026,-1.799898624420166,2.0,1.933550835,0,,0,1
3274,1789335624036207985,06:40:24.036,-1.789940595626831,2.0,1.933633089,0,,0,1
3275,1789335624046200633,06:40:24.046,-1.7799479961395264,2.0,1.933633089,0,,0,1
3276,1789335624056140744,06:40:24.056,-1.770007610321045,2.0,1.933351398,0,,0,1
3277,1789335624066145299,06:40:24.066,-1.7600033283233643,2.0,1.933776498,0,,0,1
3278,1789335624076147545,06:40:24.076,-1.7500009536743164,2.0,1.933291793,0,,0,1
3279,1789335624086154513,06:40:24.086,-1.7399940490722656,2.0,1.932894111,0,,0,1
3280,1789335624096195585,06:40:24.096,-1.7299528121948242,2.0,1.932894111,0,,0,1
3281,1789335624106182080,06:40:24.106,-1.7199664115905762,2.0,1.933861375,0,,0,1
3282,1789335624116150775,06:40:24.116,-1.7099976539611816,2.0,1.933683872,0,,0,1
3283,1789335624126140256,06:40:24.126,-1.7000083923339844,2.0,1.932940245,0,,0,1
3284,1789335624136173407,06:40:24.136,-1.6899752616882324,2.0,1.932072639,0,,0,1
3285,1789335624146270149,06:40:24.146,-1.6798782348632812,2.0,1.932072639,0,,0,1
3286,1789335624156141057,06:40:24.156,-1.6700074672698975,2.0,1.93258965,0,,0,1
3287,1789335624166137027,06:40:24.166,-1.6600115299224854,2.0,1.931686044,0,,0,1
3288,1789335624176147807,06:40:24.176,-1.650000810623169,2.0,1.931686044,0,,0,1
3289,1789335624186154599,06:40:24.186,-1.6399939060211182,2.0,1.930698752,0,,0,1
3290,1789335624196169982,06:40:24.196,-1.6299784183502197,2.0,1.930698752,0,,0,1
3291,1789335624206172968,06:40:24.206,-1.6199755668640137,2.0,1.931385994,0,,0,1
3292,1789335624216189110,06:40:24.216,-1.609959363937378,2.0,1.930422187,0,,0,1
3293,1789335624226154055,06:40:24.226,-1.599994421005249,2.0,1.930993438,0,,0,1
3294,1789335624236292462,06:40:24.236,-1.5898561477661133,2.0,1.930121064,0,,0,1
3295,1789335624246179771,06:40:24.246,-1.5799686908721924,2.0,1.930121064,0,,0,1
3296,1789335624256139760,06:40:24.256,-1.5700087547302246,2.0,1.930318236,0,,0,1
3297,1789335624266147166,06:40:24.266,-1.5600013732910156,2.0,1.930004239,0,,0,1
3298,1789335624276150961,06:40:24.276,-1.5499975681304932,2.0,1.930004239,0,,0,1
3299,1789335624286300064,06:40:24.286,-1.5398483276367188,2.0,1.930515766,0,,0,1
3300,1789335624296145595,06:40:24.296,-1.5300028324127197,2.0,1.930515766,0,,0,1
3301,1789335624306145027,06:40:24.306,-1.5200035572052002,2.0,1.930723429,0,,0,1
3302,1789335624316169956,06:40:24.316,-1.5099785327911377,2.0,1.931532741,0,,0,1
3303,1789335624326153352,06:40:24.326,-1.4999949932098389,2.0,1.931264639,0,,0,1
3304,1789335624336138088,06:40:24.336,-1.4900104999542236,2.0,1.932430983,0,,0,1
3305,1789335624346187383,06:40:24.346,-1.4799611568450928,2.0,1.932424426,0,,0,1
3306,1789335624356154855,06:40:24.356,-1.4699935913085938,2.0,1.933320999,0,,0,1
3307,1789335624366198289,06:40:24.366,-1.4599502086639404,2.0,1.933022618,0,,0,1
3308,1789335624376143245,06:40:24.376,-1.450005054473877,2.0,1.933750629,0,,0,1
3309,1789335624386156793,06:40:24.386,-1.4399917125701904,2.0,1.934446931,0,,0,1
3310,1789335624396158496,06:40:24.396,-1.4299900531768799,2.0,1.934446931,0,,0,1
3311,1789335624406141630,06:40:24.406,-1.4200067520141602,2.0,1.934046626,0,,0,1
3312,1789335624416141298,06:40:24.416,-1.4100072383880615,2.0,1.93459475,0,,0,1
3313,1789335624426145062,06:40:24.426,-1.400003433227539,2.0,1.935634375,0,,0,1
3314,1789335624436141824,06:40:24.436,-1.3900067806243896,2.0,1.936406612,0,,0,1
3315,1789335624446139489,06:40:24.446,-1.3800091743469238,2.0,1.935592771,0,,0,1
3316,1789335624456146949,06:40:24.456,-1.3700015544891357,2.0,1.936131835,0,,0,1
3317,1789335624466148293,06:40:24.466,-1.3600001335144043,2.0,1.936795473,0,,0,1
3318,1789335624476142642,06:40:24.476,-1.350005865097046,2.0,1.937447667,0,,0,1
3319,1789335624486127663,06:40:24.486,-1.3400208950042725,2.0,1.938452721,0,,0,1
3320,1789335624496154374,06:40:24.496,-1.3299942016601562,2.0,1.937792301,0,,0,1
3321,1789335624506192744,06:40:24.506,-1.319955825805664,2.0,1.938388586,0,,0,1
3322,1789335624516137713,06:40:24.516,-1.3100106716156006,2.0,1.93938601,0,,0,1
3323,1789335624526149832,06:40:24.526,-1.2999985218048096,2.0,1.939696431,0,,0,1
3324,1789335624536158225,06:40:24.536,-1.2899901866912842,2.0,1.940201163,0,,0,1
3325,1789335624546175512,06:40:24.546,-1.279973030090332,2.0,1.939778805,0,,0,1
3326,1789335624556145995,06:40:24.556,-1.2700026035308838,2.0,1.940275431,0,,0,1
3327,1789335624566148726,06:40:24.566,-1.2599999904632568,2.0,1.941174746,0,,0,1
3328,1789335624576152056,06:40:24.576,-1.2499964237213135,2.0,1.940735698,0,,0,1
3329,1789335624586292599,06:40:24.586,-1.2398560047149658,2.0,1.941135883,0,,0,1
3330,1789335624596157497,06:40:24.596,-1.2299909591674805,2.0,1.941135883,0,,0,1
3331,1789335624606147373,06:40:24.606,-1.220001220703125,2.0,1.941081882,0,,0,1
3332,1789335624616172142,06:40:24.616,-1.2099764347076416,2.0,1.941081882,0,,0,1
3333,1789335624626303651,06:40:24.626,-1.1998448371887207,2.0,1.941948295,0,,0,1
3334,1789335624636173965,06:40:24.636,-1.1899745464324951,2.0,1.941683888,0,,0,1
3335,1789335624646158408,06:40:24.646,-1.179990291595459,2.0,1.942043781,0,,0,1
3336,1789335624656157178,06:40:24.656,-1.1699912548065186,2.0,1.941976786,0,,0,1
3337,1789335624666140549,06:40:24.666,-1.1600079536437988,2.0,1.942195177,0,,0,1
3338,1789335624676143817,06:40:24.676,-1.1500046253204346,2.0,1.942495823,0,,0,1
3339,1789335624686137433,06:40:24.686,-1.1400110721588135,2.0,1.942762852,0,,0,1
3340,1789335624696165350,06:40:24.696,-1.1299831867218018,2.0,1.942631841,0,,0,1
3341,1789335624706182772,06:40:24.706,-1.1199657917022705,2.0,1.942011595,0,,0,1
3342,1789335624716185739,06:40:24.716,-1.1099627017974854,2.0,1.942475557,0,,0,1
3343,1789335624726148925,06:40:24.726,-1.0999996662139893,2.0,1.942475557,0,,0,1
3344,1789335624736145573,06:40:24.736,-1.0900027751922607,2.0,1.942218423,0,,0,1
3345,1789335624746143516,06:40:24.746,-1.0800049304962158,2.0,1.942181468,0,,0,1
3346,1789335624756148701,06:40:24.756,-1.0699996948242188,2.0,1.94242084,0,,0,1
3347,1789335624766148790,06:40:24.766,-1.059999704360962,2.0,1.942521095,0,,0,1
3348,1789335624776143798,06:40:24.776,-1.0500047206878662,2.0,1.942140222,0,,0,1
3349,1789335624786150590,06:40:24.786,-1.0399978160858154,2.0,1.94113493,0,,0,1
3350,1789335624796157505,06:40:24.796,-1.0299911499023438,2.0,1.941799998,0,,0,1
3351,1789335624806157136,06:40:24.806,-1.019991397857666,2.0,1.942485809,0,,0,1
3352,1789335624816174154,06:40:24.816,-1.009974479675293,2.0,1.941910625,0,,0,1
3353,1789335624826152225,06:40:24.826,-0.9999964237213135,2.0,1.941910625,0,,0,1
3354,1789335624836146284,06:40:24.836,-0.9900023937225342,2.0,1.941138625,0,,0,1
3355,1789335624846140911,06:40:24.846,-0.9800076484680176,2.0,1.941811085,0,,0,1
3356,1789335624856146865,06:40:24.856,-0.9700014591217041,2.0,1.941811085,0,,0,1
3357,1789335624866158090,06:40:24.866,-0.9599905014038086,2.0,1.941690087,0,,0,1
3358,1789335624876128425,06:40:24.876,-0.9500200748443604,2.0,1.941010237,0,,0,1
3359,1789335624886139837,06:40:24.886,-0.9400086402893066,2.0,1.941010237,0,,0,1
3360,1789335624896168604,06:40:24.896,-0.9299798011779785,2.0,1.942156553,0,,0,1
3361,1789335624906135722,06:40:24.906,-0.9200127124786377,2.0,1.94239378,0,,0,1
3362,1789335624916150689,06:40:24.916,-0.9099977016448975,2.0,1.941423178,0,,0,1
3363,1789335624926132333,06:40:24.926,-0.9000163078308105,2.0,1.941837668,0,,0,1
3364,1789335624936181099,06:40:24.936,-0.8899674415588379,2.0,1.942868829,0,,0,1
3365,1789335624946144839,06:40:24.946,-0.8800036907196045,2.0,1.942175865,0,,0,1
3366,1789335624956149542,06:40:24.956,-0.8699989318847656,2.0,1.941276073,0,,0,1
3367,1789335624966144763,06:40:24.966,-0.8600037097930908,2.0,1.942419171,0,,0,1
3368,1789335624976150418,06:40:24.976,-0.8499979972839355,2.0,1.942910194,0,,0,1
3369,1789335624986153039,06:40:24.986,-0.8399956226348877,2.0,1.942435145,0,,0,1
3370,1789335624996350244,06:40:24.996,-0.8297982215881348,2.0,1.942435145,0,,0,1
3371,1789335625006158253,06:40:25.006,-0.8199901580810547,2.0,1.942643046,0,,0,1
3372,1789335625016172707,06:40:25.016,-0.8099756240844727,2.0,1.943153143,0,,0,1
3373,1789335625026151012,06:40:25.026,-0.7999975681304932,2.0,1.942818761,0,,0,1
3374,1789335625036141442,06:40:25.036,-0.7900068759918213,2.0,1.942818761,0,,0,1
3375,1789335625046144770,06:40:25.046,-0.7800037860870361,2.0,1.94367826,0,,0,1
3376,1789335625056137728,06:40:25.056,-0.7700107097625732,2.0,1.943168402,0,,0,1
3377,1789335625066125304,06:40:25.066,-0.7600231170654297,2.0,1.943014741,0,,0,1
3378,1789335625076154029,06:40:25.076,-0.7499945163726807,2.0,1.943242073,0,,0,1
3379,1789335625086410386,06:40:25.086,-0.7397379875183105,2.0,1.94373107,0,,0,1
3380,1789335625096154345,06:40:25.096,-0.7299940586090088,2.0,1.94373107,0,,0,1
3381,1789335625106163651,06:40:25.106,-0.719984769821167,2.0,1.944050312,0,,0,1
3382,1789335625116240238,06:40:25.116,-0.7099084854125977,2.0,1.944135308,0,,0,1
3383,1789335625126151436,06:40:25.126,-0.6999971866607666,2.0,1.945150495,0,,0,1
3384,1789335625136134873,06:40:25.136,-0.6900136470794678,2.0,1.944972038,0,,0,1
3385,1789335625146137653,06:40:25.146,-0.6800107955932617,2.0,1.944940329,0,,0,1
3386,1789335625156208811,06:40:25.156,-0.6699395179748535,2.0,1.944858789,0,,0,1
3387,1789335625166155141,06:40:25.166,-0.6599931716918945,2.0,1.945268989,0,,0,1
3388,1789335625176146975,06:40:25.176,-0.6500015258789062,2.0,1.946586847,0,,0,1
3389,1789335625186256461,06:40:25.186,-0.6398921012878418,2.0,1.945623755,0,,0,1
3390,1789335625196163130,06:40:25.196,-0.6299853324890137,2.0,1.945695162,0,,0,1
3391,1789335625206135354,06:40:25.206,-0.6200132369995117,2.0,1.946869254,0,,0,1
3392,1789335625216152199,06:40:25.216,-0.6099960803985596,2.0,1.946999788,0,,0,1
3393,1789335625226147885,06:40:25.226,-0.6000006198883057,2.0,1.94746232,0,,0,1
3394,1789335625236189915,06:40:25.236,-0.589958667755127,2.0,1.947334886,0,,0,1
3395,1789335625246145562,06:40:25.246,-0.580003023147583,2.0,1.948253155,0,,0,1
3396,1789335625256194356,06:40:25.256,-0.5699541568756104,2.0,1.949217319,0,,0,1
3397,1789335625266149668,06:40:25.266,-0.5599989891052246,2.0,1.948223352,0,,0,1
3398,1789335625276152299,06:40:25.276,-0.5499961376190186,2.0,1.948389649,0,,0,1
3399,1789335625286166152,06:40:25.286,-0.5399823188781738,2.0,1.949159741,0,,0,1
3400,1789335625296157041,06:40:25.296,-0.529991626739502,2.0,1.949366689,0,,0,1
3401,1789335625306200371,06:40:25.306,-0.5199482440948486,2.0,1.949366689,0,,0,1
3402,1789335625316123614,06:40:25.316,-0.5100247859954834,2.0,1.949679971,0,,0,1
3403,1789335625326137235,06:40:25.326,-0.5000112056732178,2.0,1.950226188,0,,0,1
3404,1789335625336132328,06:40:25.336,-0.49001622200012207,2.0,1.950658441,0,,0,1
3405,1789335625346125812,06:40:25.346,-0.480022668838501,2.0,1.950125456,0,,0,1
3406,1789335625356127330,06:40:25.356,-0.47002124786376953,2.0,1.95104754,0,,0,1
3407,1789335625366159811,06:40:25.366,-0.4599885940551758,2.0,1.95104754,0,,0,1
3408,1789335625376149427,06:40:25.376,-0.4499990940093994,2.0,1.951733708,0,,0,1
3409,1789335625386144817,06:40:25.386,-0.4400036334991455,2.0,1.952511668,0,,0,1
3410,1789335625396155826,06:40:25.396,-0.42999267578125,2.0,1.952395797,0,,0,1
3411,1789335625406155639,06:40:25.406,-0.41999292373657227,2.0,1.952868938,0,,0,1
3412,1789335625416173180,06:40:25.416,-0.409975528717041,2.0,1.953667521,0,,0,1
3413,1789335625426139255,06:40:25.426,-0.4000093936920166,2.0,1.953817487,0,,0,1
3414,1789335625436168166,06:40:25.436,-0.3899803161621094,2.0,1.954363227,0,,0,1
3415,1789335625446166038,06:40:25.446,-0.37998247146606445,2.0,1.954565167,0,,0,1
3416,1789335625456145423,06:40:25.456,-0.37000298500061035,2.0,1.955054522,0,,0,1
3417,1789335625466171687,06:40:25.466,-0.35997676849365234,2.0,1.956069112,0,,0,1
3418,1789335625476149687,06:40:25.476,-0.34999871253967285,2.0,1.95588851,0,,0,1
3419,1789335625486146717,06:40:25.486,-0.34000158309936523,2.0,1.956760645,0,,0,1
3420,1789335625496157099,06:40:25.496,-0.32999134063720703,2.0,1.957703114,0,,0,1
3421,1789335625506196215,06:40:25.506,-0.31995224952697754,2.0,1.958123446,0,,0,1
3422,1789335625516151298,06:40:25.516,-0.3099973201751709,2.0,1.95882988,0,,0,1
3423,1789335625526371117,06:40:25.526,-0.2997775077819824,2.0,1.958872676,0,,0,1
3424,1789335625536143490,06:40:25.536,-0.2900049686431885,2.0,1.959154606,0,,0,1
3425,1789335625546160070,06:40:25.546,-0.27998828887939453,2.0,1.959357262,0,,0,1
3426,1789335625556145762,06:40:25.556,-0.2700028419494629,2.0,1.959418893,0,,0,1
3427,1789335625566158838,06:40:25.566,-0.25998973846435547,2.0,1.96026969,0,,0,1
3428,1789335625576148272,06:40:25.576,-0.2500002384185791,2.0,1.960552692,0,,0,1
3429,1789335625586134286,06:40:25.586,-0.24001431465148926,2.0,1.960609078,0,,0,1
3430,1789335625596177718,06:40:25.596,-0.22997093200683594,2.0,1.961247802,0,,0,1
3431,1789335625606675632,06:40:25.606,-0.21947288513183594,2.0,1.961649895,0,,0,1
3432,1789335625616170332,06:40:25.616,-0.20997834205627441,2.0,1.961649895,0,,0,1
3433,1789335625626153861,06:40:25.626,-0.19999456405639648,2.0,1.962476134,0,,0,1
3434,1789335625636170284,06:40:25.636,-0.18997836112976074,2.0,1.962888718,0,,0,1
3435,1789335625646144730,06:40:25.646,-0.18000364303588867,2.0,1.963854194,0,,0,1
3436,1789335625656151842,06:40:25.656,-0.1699967384338379,2.0,1.963706374,0,,0,1
3437,1789335625666142701,06:40:25.666,-0.16000580787658691,2.0,1.96366179,0,,0,1
3438,1789335625676183928,06:40:25.676,-0.1499648094177246,2.0,1.965183377,0,,0,1
3439,1789335625686129748,06:40:25.686,-0.14001893997192383,2.0,1.965345263,0,,0,1
3440,1789335625696735326,06:40:25.696,-0.12941336631774902,2.0,1.965345263,0,,0,1
3441,1789335625706138507,06:40:25.706,-0.1200098991394043,2.0,1.964758754,0,,0,1
3442,1789335625716144003,06:40:25.716,-0.11000442504882812,2.0,1.964620948,0,,0,1
3443,1789335625726147424,06:40:25.726,-0.10000109672546387,2.0,1.964620948,0,,0,1
3444,1789335625736184980,06:40:25.736,-0.08996343612670898,2.0,1.964836836,0,,0,1
3445,1789335625746183531,06:40:25.746,-0.07996511459350586,2.0,1.964836836,0,,0,1
3446,1789335625756167966,06:40:25.756,-0.06998062133789062,2.0,1.964360476,0,,0,1
3447,1789335625766142483,06:40:25.766,-0.060006141662597656,2.0,1.964791775,0,,0,1
3448,1789335625776145557,06:40:25.776,-0.0500028133392334,2.0,1.964236021,0,,0,1
3449,1789335625786172132,06:40:25.786,-0.03997635841369629,2.0,1.963530898,0,,0,1
3450,1789335625796129465,06:40:25.796,-0.030019044876098633,2.0,1.962820292,0,,0,1
3451,1789335625806148691,06:40:25.806,-0.019999980926513672,2.0,1.962927818,0,,0,1
3452,1789335625816306814,06:40:25.816,-0.0098419189453125,2.0,1.962333202,0,,0,1
3453,1789335625826148729,06:40:25.826,0.0,2.0,1.961731195,1,,0,2
3454,1789335625836249430,06:40:25.836,0.010100841522216797,2.0,1.962320924,1,,0,2
3455,1789335625846189781,06:40:25.846,0.020041227340698242,2.0,1.962469697,1,,0,2
3456,1789335625856123805,06:40:25.856,0.029975414276123047,2.0,1.96229279,1,,0,2
3457,1789335625866125639,06:40:25.866,0.039977073669433594,2.0,1.961450458,1,,0,2
3458,1789335625876131667,06:40:25.876,0.04998302459716797,2.0,1.960698485,1,,0,2
3459,1789335625886151275,06:40:25.886,0.06000256538391113,2.0,1.960698485,1,,0,2
3460,1789335625896131895,06:40:25.896,0.06998324394226074,2.0,1.960640192,1,,0,2
3461,1789335625906127722,06:40:25.906,0.07997918128967285,2.0,1.960640192,1,,0,2
3462,1789335625916459820,06:40:25.916,0.09031128883361816,2.0,1.960130692,1,,0,2
3463,1789335625926150569,06:40:25.926,0.10000205039978027,2.0,1.960130692,1,,0,2
3464,1789335625936140182,06:40:25.936,0.10999178886413574,2.0,1.959248185,1,,0,2
3465,1789335625946161115,06:40:25.946,0.12001276016235352,2.0,1.958476067,1,,0,2
3466,1789335625956148421,06:40:25.956,0.12999987602233887,2.0,1.95836699,1,,0,2
3467,1789335625966135505,06:40:25.966,0.13998699188232422,2.0,1.959328771,1,,0,2
3468,1789335625976126819,06:40:25.976,0.1499781608581543,2.0,1.958310008,1,,0,2
3469,1789335625986129711,06:40:25.986,0.15998125076293945,2.0,1.95718348,1,,0,2
3470,1789335625996390369,06:40:25.996,0.1702418327331543,2.0,1.957661629,1,,0,2
3471,1789335626006158678,06:40:26.006,0.18001008033752441,2.0,1.957793832,1,,0,2
3472,1789335626016134593,06:40:26.016,0.1899862289428711,2.0,1.957306027,1,,0,2
3473,1789335626026128498,06:40:26.026,0.1999797821044922,2.0,1.956481457,1,,0,2
3474,1789335626036189972,06:40:26.036,0.21004152297973633,2.0,1.95663774,1,,0,2
3475,1789335626046150114,06:40:26.046,0.2200016975402832,2.0,1.957801461,1,,0,2
3476,1789335626056156253,06:40:26.056,0.23000764846801758,2.0,1.957336545,1,,0,2
3477,1789335626066146677,06:40:26.066,0.23999810218811035,2.0,1.956653714,1,,0,2
3478,1789335626076146258,06:40:26.076,0.24999761581420898,2.0,1.957420826,1,,0,2
3479,1789335626086130525,06:40:26.086,0.2599818706512451,2.0,1.958021045,1,,0,2
3480,1789335626096293248,06:40:26.096,0.2701449394226074,2.0,1.958177328,1,,0,2
3481,1789335626106152801,06:40:26.106,0.28000426292419434,2.0,1.957561851,1,,0,2
3482,1789335626116163133,06:40:26.116,0.29001450538635254,2.0,1.957752228,1,,0,2
3483,1789335626126148999,06:40:26.126,0.3000006675720215,2.0,1.959038496,1,,0,2
3484,1789335626136178212,06:40:26.136,0.3100297451019287,2.0,1.958959937,0,1.5,1,2
3485,1789335626146163723,06:40:26.146,0.32001519203186035,1.98500001,1.958596349,0,1.48044,1,2
3486,1789335626156127676,06:40:26.156,0.32997918128967285,1.97000003,1.959166527,0,1.46092,1,2
3487,1789335626166126943,06:40:26.166,0.3399784564971924,1.95500004,1.960016727,0,1.44132,1,2
3488,1789335626176149589,06:40:26.176,0.35000109672546387,1.94000006,1.960277677,0,1.42168,1,2
3489,1789335626186344409,06:40:26.186,0.3601958751678467,1.92500007,1.959830523,0,1.4017,1,2
3490,1789335626196139891,06:40:26.196,0.3699913024902344,1.91000009,1.959650278,0,1.3825,1,2
3491,1789335626206139481,06:40:26.206,0.379990816116333,1.8950001,1.959650278,0,1.3629,1,2
3492,1789335626216146622,06:40:26.216,0.389998197555542,1.88000011,1.959014177,0,1.3433,1,2
3493,1789335626226148962,06:40:26.226,0.40000033378601074,1.86500013,1.957812905,0,1.32372,1,2
3494,1789335626236192483,06:40:26.236,0.41004395484924316,1.85000014,1.957812905,0,1.30405,1,2
3495,1789335626246149081,06:40:26.246,0.4200005531311035,1.83500016,1.956840515,0,1.28457,1,2
3496,1789335626256148965,06:40:26.256,0.43000054359436035,1.82000017,1.955596805,0,1.26501,1,2
3497,1789335626266143731,06:40:26.266,0.43999528884887695,1.80500019,1.953277707,0,1.24549,1,2
3498,1789335626276151437,06:40:26.276,0.45000314712524414,1.7900002,1.951057673,0,1.22597,1,2
3499,1789335626286138202,06:40:26.286,0.4599895477294922,1.77500021,1.949588895,0,1.2065,1,2
3500,1789335626296156157,06:40:26.296,0.47000765800476074,1.76000023,1.947156668,0,1.18699,1,2
3501,1789335626306153189,06:40:26.306,0.48000478744506836,1.74500024,1.94471848,0,1.16755,1,2
3502,1789335626316157543,06:40:26.316,0.4900088310241699,1.73000026,1.942541122,0,1.14811,1,2
3503,1789335626326148912,06:40:26.326,0.5000002384185791,1.71500027,1.93974638,0,1.12873,1,2
3504,1789335626336150586,06:40:26.336,0.5100021362304688,1.70000029,1.937855959,0,1.10935,1,2
3505,1789335626346144141,06:40:26.346,0.5199956893920898,1.6850003,1.937855959,0,1.08999,1,2
3506,1789335626356145264,06:40:26.356,0.5299966335296631,1.67000031,1.934084773,0,1.07064,1,2
3507,1789335626366144836,06:40:26.366,0.5399961471557617,1.65500033,1.932761908,0,1.05132,1,2
3508,1789335626376149656,06:40:26.376,0.5500011444091797,1.64000034,1.92960453,0,1.03201,1,2
3509,1789335626386154782,06:40:26.386,0.5600061416625977,1.62500036,1.927097082,0,1.01273,1,2
3510,1789335626396146218,06:40:26.396,0.5699975490570068,1.61000037,1.924165368,0,0.993505,1,2
3511,1789335626406146921,06:40:26.406,0.579998254776001,1.59500039,1.924165368,0,0.974262,1,2
3512,1789335626416146182,06:40:26.416,0.5899977684020996,1.5800004,1.918464541,0,0.955079,1,2
3513,1789335626426134722,06:40:26.426,0.5999863147735596,1.56500041,1.91380775,0,0.935962,1,2
3514,1789335626436168104,06:40:26.436,0.6100196838378906,1.55000043,1.91380775,0,0.91676,1,2
3515,1789335626446137244,06:40:26.446,0.6199889183044434,1.53500044,1.905597925,0,0.897763,1,2
3516,1789335626456154220,06:40:26.456,0.6300055980682373,1.52000046,1.900649905,0,0.878725,1,2
3517,1789335626466150039,06:40:26.466,0.6400015354156494,1.50500047,1.895841837,0,0.859774,1,2
3518,1789335626476134546,06:40:26.476,0.6499860286712646,1.49000049,1.890843153,0,0.840895,1,2
3519,1789335626486297251,06:40:26.486,0.6601488590240479,1.4750005,1.885936141,0,0.821729,1,2
3520,1789335626496163386,06:40:26.496,0.6700148582458496,1.46000051,1.880350709,0,0.803177,1,2
3521,1789335626506157994,06:40:26.506,0.6800096035003662,1.44500053,1.874624491,0,0.784441,1,2
3522,1789335626516223060,06:40:26.516,0.6900744438171387,1.43000054,1.874624491,0,0.765572,1,2
3523,1789335626526130634,06:40:26.526,0.6999821662902832,1.41500056,1.863525152,0,0.747109,1,2
3524,1789335626536122285,06:40:26.536,0.7099738121032715,1.40000057,1.857493281,0,0.72855,1,2
3525,1789335626546145343,06:40:26.546,0.7199966907501221,1.38500059,1.851370573,0,0.709994,1,2
3526,1789335626556147379,06:40:26.556,0.7299988269805908,1.3700006,1.846018076,0,0.69153,1,2
3527,1789335626566170414,06:40:26.566,0.7400219440460205,1.35500062,1.839550018,0,0.673092,1,2
3528,1789335626576141955,06:40:26.576,0.7499935626983643,1.34000063,1.834233761,0,0.654802,1,2
3529,1789335626586128502,06:40:26.586,0.7599799633026123,1.32500064,1.827459335,0,0.636552,1,2
3530,1789335626596146127,06:40:26.596,0.7699975967407227,1.31000066,1.82159543,0,0.618304,1,2
3531,1789335626606163640,06:40:26.606,0.780015230178833,1.29500067,1.814946413,0,0.600122,1,2
3532,1789335626616153626,06:40:26.616,0.7900052070617676,1.28000069,1.80757308,0,0.582065,1,2
3533,1789335626626148079,06:40:26.626,0.799999475479126,1.2650007,1.800859332,0,0.564066,1,2
3534,1789335626636134191,06:40:26.636,0.8099856376647949,1.25000072,1.792886734,0,0.546162,1,2
3535,1789335626646139053,06:40:26.646,0.8199906349182129,1.23500073,1.784320712,0,0.52831,1,2
3536,1789335626656132363,06:40:26.656,0.8299839496612549,1.22000074,1.774860024,0,0.510573,1,2
3537,1789335626666171186,06:40:26.666,0.8400225639343262,1.20500076,1.765585423,0,0.492849,1,2
3538,1789335626676178065,06:40:26.676,0.850029706954956,1.19000077,1.756920218,0,0.475268,1,2
3539,1789335626686153863,06:40:26.686,0.8600053787231445,1.17500079,1.756920218,0,0.457741,1,2
3540,1789335626696181936,06:40:26.696,0.8700335025787354,1.1600008,1.738235354,0,0.44031,1,2
3541,1789335626706180524,06:40:26.706,0.8800320625305176,1.14500082,1.729188085,0,0.423021,1,2
3542,1789335626716147652,06:40:26.716,0.8899991512298584,1.13000083,1.719003201,0,0.405887,1,2
3543,1789335626726131660,06:40:26.726,0.8999831676483154,1.11500084,1.710334897,0,0.388811,1,2
3544,1789335626736122082,06:40:26.736,0.9099736213684082,1.10000086,1.700351715,0,0.371824,1,2
3545,1789335626746124922,06:40:26.746,0.9199762344360352,1.08500087,1.691075563,0,0.354908,1,2
3546,1789335626756143160,06:40:26.756,0.9299945831298828,1.07000089,1.681411624,0,0.338063,1,2
3547,1789335626766129837,06:40:26.766,0.9399814605712891,1.0550009,1.672175646,0,0.321364,1,2
3548,1789335626776124667,06:40:26.776,0.9499762058258057,1.04000092,1.662056088,0,0.304752,1,2
3549,1789335626786141502,06:40:26.786,0.9599928855895996,1.02500093,1.651643872,0,0.288208,1,2
3550,1789335626796170119,06:40:26.796,0.9700217247009277,1.01000094,1.642047644,0,0.27174,1,2
3551,1789335626806172388,06:40:26.806,0.9800238609313965,0.995000958,1.632258773,0,0.255414,1,2
3552,1789335626816168036,06:40:26.816,0.9900193214416504,0.980000973,1.622312546,0,0.239198,1,2
3553,1789335626826139927,06:40:26.826,0.9999914169311523,0.965000987,1.61184144,0,0.223125,1,2
3554,1789335626836175539,06:40:26.836,1.0100271701812744,0.950001001,1.6017766,0,0.20705,1,2
3555,1789335626846157617,06:40:26.846,1.0200090408325195,0.935001016,1.591776013,0,0.191161,1,2
3556,1789335626856155013,06:40:26.856,1.0300066471099854,0.92000103,1.580813169,0,0.175357,1,2
3557,1789335626866142699,06:40:26.866,1.039994239807129,0.905001044,1.570203781,0,0.159674,1,2
3558,1789335626876135655,06:40:26.876,1.0499870777130127,0.890001059,1.559618592,0,0.144089,1,2
3559,1789335626886158798,06:40:26.886,1.0600104331970215,0.875001073,1.550023437,0,0.128554,1,2
3560,1789335626896150341,06:40:26.896,1.0700018405914307,0.860001087,1.539497614,0,0.113171,1,2
3561,1789335626906157188,06:40:26.906,1.0800087451934814,0.845001101,1.529007912,0,0.0978702,1,2
3562,1789335626916130924,06:40:26.916,1.089982271194458,0.830001116,1.519448638,0,0.0827158,1,2
3563,1789335626926129225,06:40:26.926,1.0999805927276611,0.81500113,1.509421349,0,0.067624,1,2
3564,1789335626936127394,06:40:26.936,1.1099789142608643,0.800001144,1.499221683,0,0.0526345,1,2
3565,1789335626946135556,06:40:26.946,1.1199870109558105,0.785001159,1.488838911,0,0.0377339,1,2
3566,1789335626956146974,06:40:26.956,1.1299984455108643,0.770001173,1.479009748,0,0.022927,1,2
3567,1789335626966133884,06:40:26.966,1.1399853229522705,0.755001187,1.469619155,0,0.00825002,1,2
3568,1789335626976144727,06:40:26.976,1.149996042251587,0.740001202,1.459452152,0,-0.00636022,1,2
3569,1789335626986138228,06:40:26.986,1.159989595413208,0.725001216,1.449511766,0,-0.020846,1,2
3570,1789335626996156106,06:40:26.996,1.1700077056884766,0.71000123,1.440163255,0,-0.0352734,1,2
3571,1789335627006724836,06:40:27.006,1.1805763244628906,0.695001245,1.429145455,0,-0.0503777,1,2
3572,1789335627016156749,06:40:27.016,1.1900081634521484,0.680001259,1.419934392,0,-0.0637703,1,2
3573,1789335627026145397,06:40:27.026,1.1999967098236084,0.665001273,1.409570217,0,-0.07785,1,2
3574,1789335627036185422,06:40:27.036,1.2100367546081543,0.650001287,1.399768472,0,-0.0919038,1,2
3575,1789335627046167081,06:40:27.046,1.2200186252593994,0.635001302,1.389557958,0,-0.105774,1,2
3576,1789335627056170414,06:40:27.056,1.2300219535827637,0.620001316,1.379062295,0,-0.119569,1,2
3577,1789335627066138344,06:40:27.066,1.2399897575378418,0.60500133,1.368582964,0,-0.133211,1,2
3578,1789335627076149566,06:40:27.076,1.2500009536743164,0.590001345,1.358820796,0,-0.146814,1,2
3579,1789335627086156395,06:40:27.086,1.2600078582763672,0.575001359,1.348675132,0,-0.16031,1,2
3580,1789335627096150512,06:40:27.096,1.2700021266937256,0.560001373,1.338552594,0,-0.173688,1,2
3581,1789335627106145175,06:40:27.106,1.2799968719482422,0.545001388,1.327755094,0,-0.186959,1,2
3582,1789335627116141167,06:40:27.116,1.2899925708770752,0.530001402,1.318050146,0,-0.200134,1,2
3583,1789335627126146835,06:40:27.126,1.2999982833862305,0.515001416,1.308380723,0,-0.213225,1,2
3584,1789335627136153545,06:40:27.136,1.3100051879882812,0.500001431,1.29772675,0,-0.226211,1,2
3585,1789335627146154820,06:40:27.146,1.3200061321258545,0.485001445,1.287798405,0,-0.239091,1,2
3586,1789335627156184995,06:40:27.156,1.3300366401672363,0.470001459,1.278065681,0,-0.25191,1,2
3587,1789335627166144178,06:40:27.166,1.3399958610534668,0.455001473,1.268313646,0,-0.264541,1,2
3588,1789335627176142260,06:40:27.176,1.3499939441680908,0.440001488,1.258351922,0,-0.277122,1,2
3589,1789335627186143546,06:40:27.186,1.359994888305664,0.425001502,1.248556495,0,-0.289609,1,2
3590,1789335627196145546,06:40:27.196,1.369997262954712,0.410001516,1.238269448,0,-0.301995,1,2
3591,1789335627206149794,06:40:27.206,1.3800013065338135,0.395001531,1.238269448,0,-0.314383,1,2
3592,1789335627216174070,06:40:27.216,1.3900256156921387,0.380001545,1.217452168,0,-0.326587,1,2
3593,1789335627226208482,06:40:27.226,1.4000599384307861,0.365001559,1.207159758,0,-0.3387,1,2
3594,1789335627236197483,06:40:27.236,1.4100489616394043,0.350001574,1.197240233,0,-0.350659,1,2
3595,1789335627246188599,06:40:27.246,1.4200401306152344,0.335001588,1.187483668,0,-0.362523,1,2
3596,1789335627256155867,06:40:27.256,1.4300074577331543,0.320001602,1.17688632,0,-0.374254,1,2
3597,1789335627266144846,06:40:27.266,1.4399962425231934,0.305001616,1.165557146,0,-0.385896,1,2
3598,1789335627276136135,06:40:27.276,1.4499876499176025,0.290001631,1.156114817,0,-0.397447,1,2
3599,1789335627286127978,06:40:27.286,1.4599792957305908,0.275001645,1.144739389,0,-0.408885,1,2
3600,1789335627296159537,06:40:27.296,1.4700109958648682,0.260001659,1.133754969,0,-0.420259,1,2
3601,1789335627306156952,06:40:27.306,1.480008602142334,0.245001659,1.124644279,0,-0.431502,1,2
3602,1789335627316155501,06:40:27.316,1.490006923675537,0.230001658,1.113329768,0,-0.442634,1,2
3603,1789335627326135643,06:40:27.326,1.4999871253967285,0.215001658,1.103093863,0,-0.453643,1,2
3604,1789335627336174372,06:40:27.336,1.5100257396697998,0.200001657,1.092830181,0,-0.464614,1,2
3605,1789335627346175801,06:40:27.346,1.5200271606445312,0.185001656,1.082036972,0,-0.475436,1,2
3606,1789335627356158869,06:40:27.356,1.530010461807251,0.170001656,1.073313117,0,-0.486151,1,2
3607,1789335627366146361,06:40:27.366,1.5399978160858154,0.155001655,1.062135458,0,-0.496759,1,2
3608,1789335627376357578,06:40:27.376,1.5502090454101562,0.140001655,1.051824093,0,-0.507499,1,2
3609,1789335627386134269,06:40:27.386,1.559985876083374,0.125001654,1.041747332,0,-0.517684,1,2
3610,1789335627396163257,06:40:27.396,1.5700147151947021,0.110001653,1.031730771,0,-0.528031,1,2
3611,1789335627406158002,06:40:27.406,1.5800094604492188,0.0950016528,1.022731423,0,-0.538253,1,2
3612,1789335627416153250,06:40:27.416,1.5900049209594727,0.0800016522,1.011260033,0,-0.548361,1,2
3613,1789335627426137856,06:40:27.426,1.599989414215088,0.0650016516,1.001817822,0,-0.558364,1,2
3614,1789335627436167268,06:40:27.436,1.6100187301635742,0.050001651,0.9922218919,0,-0.568315,1,2
3615,1789335627446152417,06:40:27.446,1.6200039386749268,0.0350016505,0.9823961258,0,-0.578124,1,2
3616,1789335627456151243,06:40:27.456,1.630002737045288,0.0200016499,0.9708433151,0,-0.587832,1,2
3617,1789335627466143783,06:40:27.466,1.6399953365325928,0.00500165019,0.961605072,0,-0.59744,1,2
3618,1789335627476142321,06:40:27.476,1.649993896484375,0.0,0.9510833025,0,-0.60695,1,2
3619,1789335627486144632,06:40:27.486,1.6599960327148438,0.0,0.9411897659,0,-0.616364,1,2
3620,1789335627496145963,06:40:27.496,1.6699974536895752,0.0,0.930549264,0,-0.625671,1,2
3621,1789335627506147138,06:40:27.506,1.6799986362457275,0.0,0.9213767052,0,-0.634886,1,2
3622,1789335627516139306,06:40:27.516,1.689990758895874,0.0,0.9112379551,0,-0.643991,1,2
3623,1789335627526200214,06:40:27.526,1.7000517845153809,0.0,0.9018396139,0,-0.653064,1,2
3624,1789335627536274409,06:40:27.536,1.7101259231567383,0.0,0.8906365037,0,-0.662037,1,2
3625,1789335627546131709,06:40:27.546,1.7199831008911133,0.0,0.880667448,0,-0.670718,1,2
3626,1789335627556147763,06:40:27.556,1.729999303817749,0.0,0.8707283139,0,-0.679439,1,2
3627,1789335627566149367,06:40:27.566,1.7400009632110596,0.0,0.8616595268,0,-0.688057,1,2
3628,1789335627576153013,06:40:27.576,1.750004529953003,0.0,0.8499773741,0,-0.69656,1,2
3629,1789335627586124837,06:40:27.586,1.7599763870239258,0.0,0.8407685161,0,-0.704944,1,2
3630,1789335627596142813,06:40:27.596,1.7699942588806152,0.0,0.8308837414,0,-0.713268,1,2
3631,1789335627606150623,06:40:27.606,1.7800021171569824,0.0,0.8204008937,0,-0.721478,1,2
3632,1789335627616136930,06:40:27.616,1.7899885177612305,0.0,0.810883522,0,-0.729576,1,2
3633,1789335627626344981,06:40:27.626,1.8001964092254639,0.0,0.7995823622,0,-0.737738,1,2
3634,1789335627636157384,06:40:27.636,1.8100090026855469,0.0,0.7898260355,0,-0.745488,1,2
3635,1789335627646148560,06:40:27.646,1.820000171661377,0.0,0.7802729011,0,-0.753284,1,2
3636,1789335627656151342,06:40:27.656,1.830002784729004,0.0,0.7695608139,0,-0.760982,1,2
3637,1789335627666151811,06:40:27.666,1.840003490447998,0.0,0.7596641183,0,-0.768579,1,2
3638,1789335627676132286,06:40:27.676,1.8499839305877686,0.0,0.748758018,0,-0.776052,1,2
3639,1789335627686129631,06:40:27.686,1.8599810600280762,0.0,0.7391950488,0,-0.783442,1,2
3640,1789335627696424877,06:40:27.696,1.8702764511108398,0.0,0.7283927798,0,-0.790941,1,2
3641,1789335627706138272,06:40:27.706,1.8799898624420166,0.0,0.7169293761,0,-0.797904,1,2
3642,1789335627716136807,06:40:27.716,1.8899881839752197,0.0,0.7080013752,0,-0.804983,1,2
3643,1789335627726193148,06:40:27.726,1.9000446796417236,0.0,0.6963560581,0,-0.811986,1,2
3644,1789335627736124373,06:40:27.736,1.9099760055541992,0.0,0.6856180429,0,-0.818795,1,2
3645,1789335627746199882,06:40:27.746,1.9200513362884521,0.0,0.6749145389,0,-0.825595,1,2
3646,1789335627756151201,06:40:27.756,1.9300026893615723,0.0,0.6652415991,0,-0.832215,1,2
3647,1789335627766146471,06:40:27.766,1.9399981498718262,0.0,0.6541223526,0,-0.838753,1,2
3648,1789335627776151046,06:40:27.776,1.9500024318695068,0.0,0.6443933845,0,-0.8452,1,2
3649,1789335627786127949,06:40:27.786,1.9599792957305908,0.0,0.63270998,0,-0.851513,1,2
3650,1789335627796153251,06:40:27.796,1.9700047969818115,0.0,0.63270998,0,-0.857856,1,2
3651,1789335627806161037,06:40:27.806,1.9800126552581787,0.0,0.6114068627,0,-0.863975,1,2
3652,1789335627816165470,06:40:27.816,1.9900169372558594,0.0,0.6009088159,0,-0.869986,1,2
3653,1789335627826140682,06:40:27.826,1.9999921321868896,0.0,0.5895265341,0,-0.875867,1,2
3654,1789335627836159073,06:40:27.836,2.0100104808807373,0.0,0.5800321102,0,-0.881678,1,2
3655,1789335627846149430,06:40:27.846,2.02000093460083,0.0,0.5686932206,0,-0.88736,1,2
3656,1789335627856151120,06:40:27.856,2.0300025939941406,0.0,0.5575120449,0,-0.892936,1,2
3657,1789335627866149096,06:40:27.866,2.0400006771087646,0.0,0.5454842448,0,-0.898389,1,2
3658,1789335627876131439,06:40:27.876,2.049982786178589,0.0,0.5356309414,0,-0.903736,1,2
3659,1789335627886297625,06:40:27.886,2.0601491928100586,0.0,0.5246049762,0,-0.909069,1,2
3660,1789335627896154518,06:40:27.896,2.0700061321258545,0.0,0.513702333,0,-0.914133,1,2
3661,1789335627906150063,06:40:27.906,2.0800015926361084,0.0,0.5023031235,0,-0.919154,1,2
3662,1789335627916163849,06:40:27.916,2.090015411376953,0.0,0.4911557138,0,-0.924072,1,2
3663,1789335627926924201,06:40:27.926,2.100775718688965,0.0,0.4911557138,0,-0.929357,1,2
3664,1789335627936161280,06:40:27.936,2.1100127696990967,0.0,0.469097048,0,-0.93369,1,2
3665,1789335627946210338,06:40:27.946,2.1200618743896484,0.0,0.4575144053,0,-0.938288,1,2
3666,1789335627956189017,06:40:27.956,2.130040407180786,0.0,0.4456526935,0,-0.942735,1,2
3667,1789335627966139913,06:40:27.966,2.139991283416748,0.0,0.4342099428,0,-0.947056,1,2
3668,1789335627976330119,06:40:27.976,2.150181770324707,0.0,0.4230963886,0,-0.951367,1,2
3669,1789335627986147521,06:40:27.986,2.159999132156372,0.0,0.411257863,0,-0.955405,1,2
3670,1789335627996153612,06:40:27.996,2.1700050830841064,0.0,0.4002873302,0,-0.95941,1,2
3671,1789335628006157555,06:40:28.006,2.180009126663208,0.0,0.3890935779,0,-0.963302,1,2
3672,1789335628016144622,06:40:28.016,2.1899962425231934,0.0,0.3770365417,0,-0.967068,1,2
3673,1789335628026143472,06:40:28.026,2.1999950408935547,0.0,0.3660311997,0,-0.970728,1,2
3674,1789335628036154512,06:40:28.036,2.21000599861145,0.0,0.3547513783,0,-0.974279,1,2
3675,1789335628046140954,06:40:28.046,2.2199923992156982,0.0,0.3428734541,0,-0.977703,1,2
3676,1789335628056153945,06:40:28.056,2.2300052642822266,0.0,0.331722796,0,-0.981025,1,2
3677,1789335628066190225,06:40:28.066,2.240041732788086,0.0,0.320661962,0,-0.984243,1,2
3678,1789335628076147233,06:40:28.076,2.2499988079071045,0.0,0.3088021278,0,-0.987318,1,2
3679,1789335628086148878,06:40:28.086,2.260000467300415,0.0,0.2981565595,0,-0.9903,1,2
3680,1789335628096184554,06:40:28.096,2.270035982131958,0.0,0.2875981629,0,-0.993186,1,2
3681,1789335628106167486,06:40:28.106,2.2800190448760986,0.0,0.276232034,0,-0.995944,1,2
3682,1789335628116132261,06:40:28.116,2.2899837493896484,0.0,0.2652128637,0,-0.998586,1,2
3683,1789335628126126237,06:40:28.126,2.2999777793884277,0.0,0.2546819746,0,-1.00113,1,2
3684,1789335628136146575,06:40:28.136,2.3099982738494873,0.0,0.24386397,0,-1.00358,1,2
3685,1789335628146126809,06:40:28.146,2.3199782371520996,0.0,0.2334200293,0,-1.0059,1,2
3686,1789335628156130260,06:40:28.156,2.329981803894043,0.0,0.2236516476,0,-1.00814,1,2
3687,1789335628166138609,06:40:28.166,2.3399901390075684,0.0,0.2142521292,0,-1.01029,1,2
3688,1789335628176155423,06:40:28.176,2.3500068187713623,0.0,0.2046244293,0,-1.01234,1,2
3689,1789335628186154832,06:40:28.186,2.360006332397461,0.0,0.1948439181,0,-1.01428,1,2
3690,1789335628196188773,06:40:28.196,2.37004017829895,0.0,0.1857060641,0,-1.01615,1,2
3691,1789335628206197083,06:40:28.206,2.3800485134124756,0.0,0.176853627,0,-1.01792,1,2
3692,1789335628218422553,06:40:28.218,2.3922739028930664,0.0,0.1679527462,0,-1.01997,1,2
3693,1789335628226155098,06:40:28.226,2.4000065326690674,0.0,0.1591729671,0,-1.0212,1,2
3694,1789335628236337778,06:40:28.236,2.410189151763916,0.0,0.1591729671,0,-1.02282,1,2
3695,1789335628246151623,06:40:28.246,2.4200031757354736,0.0,0.1431848705,0,-1.02423,1,2
3696,1789335628256159628,06:40:28.256,2.43001127243042,0.0,0.1353435963,0,-1.02558,1,2
3697,1789335628266186085,06:40:28.266,2.440037488937378,0.0,0.1280894428,0,-1.02687,1,2
3698,1789335628276152385,06:40:28.276,2.4500038623809814,0.0,0.1210427433,0,-1.02807,1,2
3699,1789335628286149209,06:40:28.286,2.460000514984131,0.0,0.1137742698,0,-1.02921,1,2
3700,1789335628296142414,06:40:28.296,2.469993829727173,0.0,0.1068285406,0,-1.03028,1,2
3701,1789335628306131363,06:40:28.306,2.479982852935791,0.0,0.1004009917,0,-1.03128,1,2
3702,1789335628316129661,06:40:28.316,2.489980936050415,0.0,0.09416279942,0,-1.03222,1,2
3703,1789335628326154639,06:40:28.326,2.5000061988830566,0.0,0.08799917996,0,-1.0331,1,2
3704,1789335628336149606,06:40:28.336,2.5100009441375732,0.0,0.08214680105,0,-1.03393,1,2
3705,1789335628346146705,06:40:28.346,2.51999831199646,0.0,0.07659839094,0,-1.03469,1,2
3706,1789335628356149033,06:40:28.356,2.5300004482269287,0.0,0.07129637897,0,-1.0354,1,2
3707,1789335628366151882,06:40:28.366,2.540003538131714,0.0,0.06589865685,0,-1.03606,1,2
3708,1789335628376150492,06:40:28.376,2.550002098083496,0.0,0.06104148179,0,-1.03667,1,2
3709,1789335628386146019,06:40:28.386,2.55999755859375,0.0,0.05647527426,0,-1.03724,1,2
3710,1789335628396313193,06:40:28.396,2.570164680480957,0.0,0.0521563068,0,-1.03777,1,2
3711,1789335628406140225,06:40:28.406,2.579991579055786,0.0,0.04799893871,0,-1.03824,1,2
3712,1789335628416138348,06:40:28.416,2.58998966217041,0.0,0.04413507134,0,-1.03868,1,2
3713,1789335628426132503,06:40:28.426,2.5999839305877686,0.0,0.04041085392,0,-1.03909,1,2
3714,1789335628436134357,06:40:28.436,2.609985828399658,0.0,0.03697591275,0,-1.03946,1,2
3715,1789335628446123170,06:40:28.446,2.6199748516082764,0.0,0.03368800506,0,-1.03979,1,2
3716,1789335628456149010,06:40:28.456,2.630000591278076,0.0,0.03078110702,0,-1.0401,1,2
3717,1789335628466119880,06:40:28.466,2.6399714946746826,0.0,0.02783127688,0,-1.04038,1,2
3718,1789335628476168375,06:40:28.476,2.650019884109497,0.0,0.0249432344,0,-1.04063,1,2
3719,1789335628486149177,06:40:28.486,2.6600005626678467,0.0,0.02240920067,0,-1.04085,1,2
3720,1789335628496226298,06:40:28.496,2.6700778007507324,0.0,0.01991762221,0,-1.04105,1,2
3721,1789335628506167916,06:40:28.506,2.6800193786621094,0.0,0.01763840951,0,-1.04123,1,2
3722,1789335628516150612,06:40:28.516,2.690001964569092,0.0,0.01569986902,0,-1.04139,1,2
3723,1789335628526189998,06:40:28.526,2.7000415325164795,0.0,0.0139712682,0,-1.04153,1,2
3724,1789335628536146495,06:40:28.536,2.7099978923797607,0.0,0.01211978961,0,-1.04165,1,2
3725,1789335628546145436,06:40:28.546,2.719996929168701,0.0,0.01042275876,0,-1.04175,1,2
3726,1789335628556150670,06:40:28.556,2.7300021648406982,0.0,0.009138363414,0,-1.04184,1,2
3727,1789335628566141156,06:40:28.566,2.739992618560791,0.0,0.007891428657,0,-1.04192,1,2
3728,1789335628576142196,06:40:28.576,2.7499935626983643,0.0,0.006828091573,0,-1.04199,1,2
3729,1789335628586152093,06:40:28.586,2.7600035667419434,0.0,0.005830675829,0,-1.04205,1,2
3730,1789335628596186616,06:40:28.596,2.77003812789917,0.0,0.00480798725,0,-1.0421,1,2
3731,1789335628606136167,06:40:28.606,2.7799875736236572,0.0,0.003920133691,0,-1.04214,1,2
3732,1789335628616132206,06:40:28.616,2.7899835109710693,0.0,0.003176218132,0,-1.04217,1,2
3733,1789335628626134013,06:40:28.626,2.799985408782959,0.0,0.003176218132,0,-1.0422,1,2
3734,1789335628636151898,06:40:28.636,2.8100032806396484,0.0,0.001867117593,0,-1.04222,1,2
3735,1789335628646147135,06:40:28.646,2.8199985027313232,0.0,0.001213582815,0,-1.04223,1,2
3736,1789335628656124807,06:40:28.656,2.8299763202667236,0.0,0.0005651383544,0,-1.04223,1,3
