idx,utc,lat,lon,height_m,east_m,north_m,quality
0,054046.38,37.3040565,127.9074247,192.000,0.000,0.000,5
1,054046.63,37.3040548,127.9074258,192.200,0.103,-0.186,5
2,054049.25,37.3040530,127.9074253,192.200,0.059,-0.390,5
3,054049.63,37.3040513,127.9074068,183.700,-1.579,-0.575,4
4,054050.00,37.3040493,127.9074047,183.700,-1.771,-0.798,4
5,054050.25,37.3040478,127.9074030,183.700,-1.919,-0.965,4
6,054050.50,37.3040463,127.9074012,183.700,-2.081,-1.132,4
7,054050.75,37.3040450,127.9073992,183.700,-2.258,-1.280,4
8,054051.00,37.3040437,127.9073970,183.700,-2.450,-1.429,4
9,054051.25,37.3040422,127.9073950,183.700,-2.627,-1.596,4
10,054051.50,37.3040402,127.9073937,183.600,-2.745,-1.818,4
11,054051.75,37.3040385,127.9073918,183.700,-2.907,-2.004,4
12,054052.00,37.3040367,127.9073895,183.600,-3.114,-2.208,4
13,054052.25,37.3040350,127.9073873,183.600,-3.306,-2.393,4
14,054052.50,37.3040333,127.9073850,183.700,-3.512,-2.579,4
15,054052.75,37.3040313,127.9073830,183.700,-3.689,-2.802,4
16,054053.00,37.3040292,127.9073812,183.700,-3.852,-3.043,4
17,054053.25,37.3040270,127.9073790,183.600,-4.044,-3.284,4
18,054053.50,37.3040252,127.9073767,183.600,-4.250,-3.488,4
19,054053.75,37.3040230,127.9073745,183.600,-4.442,-3.729,4
20,054054.00,37.3040207,127.9073723,183.600,-4.634,-3.989,4
21,054054.25,37.3040187,127.9073702,183.600,-4.826,-4.212,4
22,054054.50,37.3040167,127.9073677,183.500,-5.047,-4.434,4
23,054054.75,37.3040147,127.9073655,183.600,-5.239,-4.657,4
24,054055.00,37.3040127,127.9073633,183.600,-5.431,-4.880,4
25,054055.25,37.3040105,127.9073612,183.600,-5.623,-5.121,4
26,054055.50,37.3040088,127.9073587,183.600,-5.844,-5.306,4
27,054055.75,37.3040072,127.9073563,183.600,-6.051,-5.492,4
28,054056.00,37.3040052,127.9073538,183.600,-6.272,-5.714,4
29,054056.25,37.3040032,127.9073515,183.600,-6.479,-5.937,4
30,054056.50,37.3040012,127.9073493,183.600,-6.671,-6.160,4
31,054056.75,37.3039993,127.9073468,183.600,-6.892,-6.364,4
32,054057.00,37.3039975,127.9073442,183.600,-7.128,-6.568,4
33,054057.25,37.3039953,127.9073417,183.600,-7.349,-6.809,4
34,054057.50,37.3039932,127.9073393,183.600,-7.556,-7.050,4
35,054057.75,37.3039912,127.9073367,183.600,-7.792,-7.273,4
36,054058.00,37.3039892,127.9073338,183.600,-8.043,-7.496,4
37,054058.25,37.3039873,127.9073315,183.600,-8.250,-7.700,4
38,054058.50,37.3039852,127.9073290,183.600,-8.471,-7.941,4
39,054058.75,37.3039832,127.9073265,183.700,-8.692,-8.163,4
40,054059.00,37.3039813,127.9073238,183.600,-8.929,-8.368,4
41,054059.25,37.3039795,127.9073212,183.700,-9.165,-8.572,4
42,054059.50,37.3039772,127.9073188,183.600,-9.371,-8.831,4
43,054059.75,37.3039750,127.9073163,183.700,-9.593,-9.073,4
44,054100.00,37.3039727,127.9073138,183.600,-9.814,-9.332,4
45,054100.25,37.3039707,127.9073112,183.600,-10.050,-9.555,4
46,054100.50,37.3039685,127.9073085,183.600,-10.286,-9.796,4
47,054100.75,37.3039662,127.9073060,183.600,-10.508,-10.056,4
48,054101.00,37.3039642,127.9073035,183.600,-10.729,-10.279,4
49,054101.25,37.3039622,127.9073008,183.600,-10.965,-10.501,4
50,054101.50,37.3039600,127.9072980,183.600,-11.216,-10.742,4
51,054101.75,37.3039577,127.9072957,183.600,-11.423,-11.002,4
52,054102.00,37.3039555,127.9072932,183.600,-11.644,-11.243,4
53,054102.25,37.3039535,127.9072905,183.600,-11.880,-11.466,4
54,054102.50,37.3039513,127.9072878,183.700,-12.116,-11.707,4
55,054102.75,37.3039488,127.9072857,183.600,-12.308,-11.985,4
56,054103.00,37.3039467,127.9072832,183.600,-12.529,-12.227,4
57,054103.25,37.3039445,127.9072807,183.600,-12.751,-12.468,4
58,054103.50,37.3039423,127.9072780,183.600,-12.987,-12.709,4
59,054103.75,37.3039402,127.9072753,183.600,-13.223,-12.950,4
60,054104.00,37.3039378,127.9072728,183.600,-13.444,-13.210,4
61,054104.25,37.3039357,127.9072702,183.600,-13.681,-13.451,4
62,054104.50,37.3039337,127.9072677,183.600,-13.902,-13.674,4
63,054104.75,37.3039313,127.9072650,183.600,-14.138,-13.934,4
64,054105.00,37.3039290,127.9072627,183.600,-14.345,-14.193,4
65,054105.25,37.3039270,127.9072600,183.600,-14.581,-14.416,4
66,054105.50,37.3039248,127.9072573,183.600,-14.817,-14.657,4
67,054105.75,37.3039228,127.9072545,183.600,-15.068,-14.880,4
68,054106.00,37.3039205,127.9072520,183.600,-15.289,-15.140,4
69,054106.25,37.3039183,127.9072495,183.600,-15.511,-15.381,4
70,054106.50,37.3039160,127.9072468,183.600,-15.747,-15.640,4
71,054106.75,37.3039138,127.9072440,183.600,-15.998,-15.882,4
72,054107.00,37.3039115,127.9072412,183.600,-16.248,-16.141,4
73,054107.25,37.3039092,127.9072385,183.600,-16.485,-16.401,4
74,054107.50,37.3039072,127.9072357,183.600,-16.735,-16.624,4
75,054107.75,37.3039050,127.9072330,183.600,-16.972,-16.865,4
76,054108.00,37.3039027,127.9072303,183.600,-17.208,-17.125,4
77,054108.25,37.3039002,127.9072277,183.600,-17.444,-17.403,4
78,054108.50,37.3038980,127.9072250,183.600,-17.680,-17.644,4
79,054108.75,37.3038958,127.9072227,183.600,-17.887,-17.885,4
80,054109.00,37.3038938,127.9072198,183.600,-18.137,-18.108,4
81,054109.25,37.3038915,127.9072173,183.600,-18.359,-18.368,4
82,054109.50,37.3038892,127.9072147,183.600,-18.595,-18.628,4
83,054109.75,37.3038872,127.9072120,183.700,-18.831,-18.850,4
84,054110.00,37.3038848,127.9072090,183.600,-19.097,-19.110,4
85,054110.25,37.3038825,127.9072062,183.700,-19.348,-19.370,4
86,054110.50,37.3038800,127.9072037,183.600,-19.569,-19.648,4
87,054110.75,37.3038778,127.9072010,183.600,-19.805,-19.889,4
88,054111.00,37.3038755,127.9071985,183.600,-20.026,-20.149,4
89,054111.25,37.3038732,127.9071958,183.700,-20.263,-20.409,4
90,054111.50,37.3038708,127.9071933,183.600,-20.484,-20.668,4
91,054111.75,37.3038685,127.9071907,183.600,-20.720,-20.928,4
92,054112.00,37.3038662,127.9071882,183.600,-20.941,-21.188,4
93,054112.25,37.3038640,127.9071852,183.600,-21.207,-21.429,4
94,054112.50,37.3038615,127.9071825,183.600,-21.443,-21.707,4
95,054112.75,37.3038592,127.9071797,183.600,-21.694,-21.967,4
96,054113.00,37.3038570,127.9071770,183.600,-21.930,-22.208,4
97,054113.25,37.3038548,127.9071740,183.600,-22.196,-22.450,4
98,054113.50,37.3038523,127.9071712,183.600,-22.447,-22.728,4
99,054113.75,37.3038498,127.9071685,183.600,-22.683,-23.006,4
100,054114.00,37.3038475,127.9071657,183.600,-22.934,-23.266,4
101,054114.25,37.3038453,127.9071630,183.600,-23.170,-23.507,4
102,054114.50,37.3038430,127.9071602,183.600,-23.421,-23.767,4
103,054114.75,37.3038405,127.9071577,183.600,-23.642,-24.045,4
104,054115.00,37.3038382,127.9071550,183.600,-23.878,-24.305,4
105,054115.25,37.3038358,127.9071522,183.600,-24.129,-24.565,4
106,054115.50,37.3038335,127.9071492,183.600,-24.395,-24.824,4
107,054115.75,37.3038310,127.9071467,183.600,-24.616,-25.103,4
108,054116.00,37.3038288,127.9071440,183.600,-24.852,-25.344,4
109,054116.25,37.3038267,127.9071412,183.600,-25.103,-25.585,4
110,054116.50,37.3038243,127.9071382,183.600,-25.369,-25.845,4
111,054116.75,37.3038222,127.9071358,183.600,-25.575,-26.086,4
112,054117.00,37.3038200,127.9071332,183.600,-25.812,-26.327,4
113,054117.25,37.3038178,127.9071303,183.600,-26.062,-26.568,4
114,054117.50,37.3038153,127.9071273,183.600,-26.328,-26.847,4
115,054117.75,37.3038130,127.9071245,183.600,-26.579,-27.106,4
116,054118.00,37.3038105,127.9071222,183.600,-26.786,-27.385,4
117,054118.25,37.3038083,127.9071195,183.600,-27.022,-27.626,4
118,054118.50,37.3038063,127.9071168,183.600,-27.258,-27.849,4
119,054118.75,37.3038042,127.9071137,183.600,-27.538,-28.090,4
120,054119.00,37.3038017,127.9071110,183.600,-27.774,-28.368,4
121,054119.25,37.3037993,127.9071082,183.600,-28.025,-28.628,4
122,054119.50,37.3037972,127.9071057,183.600,-28.247,-28.869,4
123,054119.75,37.3037948,127.9071027,183.600,-28.512,-29.129,4
124,054120.00,37.3037922,127.9071003,183.600,-28.719,-29.426,4
125,054120.25,37.3037898,127.9070975,183.600,-28.970,-29.685,4
126,054120.50,37.3037877,127.9070948,183.600,-29.206,-29.927,4
127,054120.75,37.3037855,127.9070920,183.600,-29.457,-30.168,4
128,054121.00,37.3037832,127.9070897,183.600,-29.663,-30.427,4
129,054121.25,37.3037808,127.9070872,183.600,-29.885,-30.687,4
130,054121.50,37.3037787,127.9070843,183.700,-30.136,-30.928,4
131,054121.75,37.3037765,127.9070815,183.600,-30.386,-31.170,4
132,054122.00,37.3037742,127.9070787,183.700,-30.637,-31.429,4
133,054122.25,37.3037718,127.9070762,183.600,-30.859,-31.689,4
134,054122.50,37.3037697,127.9070735,183.700,-31.095,-31.930,4
135,054122.75,37.3037673,127.9070708,183.600,-31.331,-32.190,4
136,054123.00,37.3037653,127.9070680,183.700,-31.582,-32.413,4
137,054123.25,37.3037627,127.9070657,183.600,-31.788,-32.710,4
138,054123.50,37.3037605,127.9070627,183.700,-32.054,-32.951,4
139,054123.75,37.3037583,127.9070598,183.600,-32.305,-33.192,4
140,054123.88,37.3037570,127.9070582,183.600,-32.453,-33.340,4
141,054124.13,37.3037547,127.9070553,183.700,-32.703,-33.600,4
142,054124.38,37.3037522,127.9070528,183.600,-32.925,-33.878,4
143,054124.63,37.3037495,127.9070502,183.600,-33.161,-34.175,4
144,054124.88,37.3037468,127.9070477,183.600,-33.382,-34.472,4
145,054125.13,37.3037445,127.9070448,183.600,-33.633,-34.732,4
146,054125.38,37.3037420,127.9070425,183.600,-33.840,-35.010,4
147,054125.63,37.3037397,127.9070400,183.600,-34.061,-35.270,4
148,054125.88,37.3037375,127.9070372,183.600,-34.312,-35.511,4
149,054126.13,37.3037353,127.9070343,183.600,-34.563,-35.752,4
150,054126.38,37.3037330,127.9070315,183.600,-34.814,-36.012,4
151,054126.63,37.3037303,127.9070288,183.600,-35.050,-36.309,4
152,054126.88,37.3037282,127.9070262,183.600,-35.286,-36.550,4
153,054127.13,37.3037260,127.9070235,183.500,-35.522,-36.791,4
154,054127.38,37.3037237,127.9070205,183.500,-35.788,-37.051,4
155,054127.63,37.3037213,127.9070180,183.500,-36.009,-37.311,4
156,054127.88,37.3037190,127.9070153,183.500,-36.245,-37.571,4
157,054128.13,37.3037167,127.9070125,183.500,-36.496,-37.830,4
158,054128.38,37.3037143,127.9070097,183.500,-36.747,-38.090,4
159,054128.63,37.3037120,127.9070072,183.500,-36.969,-38.350,4
160,054128.88,37.3037097,127.9070045,183.500,-37.205,-38.609,4
161,054129.13,37.3037073,127.9070017,183.500,-37.456,-38.869,4
162,054129.38,37.3037048,127.9069987,183.500,-37.721,-39.148,4
163,054129.63,37.3037025,127.9069962,183.500,-37.943,-39.407,4
164,054129.88,37.3037000,127.9069935,183.500,-38.179,-39.686,4
165,054130.13,37.3036980,127.9069908,183.500,-38.415,-39.908,4
166,054130.38,37.3036958,127.9069882,183.600,-38.651,-40.149,4
167,054130.63,37.3036935,127.9069857,183.600,-38.872,-40.409,4
168,054130.88,37.3036912,127.9069830,183.600,-39.108,-40.669,4
169,054131.13,37.3036890,127.9069803,183.600,-39.345,-40.910,4
170,054131.38,37.3036868,127.9069773,183.600,-39.610,-41.151,4
171,054131.63,37.3036845,127.9069745,183.600,-39.861,-41.411,4
172,054131.88,37.3036820,127.9069717,183.600,-40.112,-41.689,4
173,054132.13,37.3036797,127.9069690,183.600,-40.348,-41.949,4
174,054132.38,37.3036773,127.9069658,183.500,-40.628,-42.209,4
175,054132.50,37.3036760,127.9069642,183.600,-40.776,-42.357,4
176,054132.75,37.3036735,127.9069615,183.500,-41.012,-42.636,4
177,054133.00,37.3036710,127.9069588,183.500,-41.248,-42.914,4
178,054133.25,37.3036687,127.9069563,183.500,-41.470,-43.174,4
179,054133.50,37.3036662,127.9069537,183.500,-41.706,-43.452,4
180,054133.75,37.3036638,127.9069510,183.600,-41.942,-43.712,4
181,054134.00,37.3036613,127.9069483,183.500,-42.178,-43.990,4
182,054134.25,37.3036590,127.9069453,183.500,-42.444,-44.250,4
183,054134.50,37.3036567,127.9069423,183.500,-42.709,-44.509,4
184,054134.75,37.3036543,127.9069393,183.500,-42.975,-44.769,4
185,054135.00,37.3036518,127.9069367,183.500,-43.211,-45.047,4
186,054135.25,37.3036497,127.9069335,183.500,-43.491,-45.289,4
187,054135.50,37.3036475,127.9069303,183.500,-43.772,-45.530,4
188,054135.75,37.3036452,127.9069272,183.500,-44.052,-45.790,4
189,054136.00,37.3036428,127.9069247,183.500,-44.274,-46.049,4
190,054136.25,37.3036403,127.9069220,183.500,-44.510,-46.328,4
191,054136.50,37.3036380,127.9069192,183.500,-44.761,-46.587,4
192,054136.75,37.3036357,127.9069162,183.500,-45.026,-46.847,4
193,054137.00,37.3036330,127.9069137,183.500,-45.248,-47.144,4
194,054137.25,37.3036305,127.9069108,183.500,-45.499,-47.422,4
195,054137.50,37.3036282,127.9069080,183.500,-45.749,-47.682,4
196,054137.75,37.3036257,127.9069050,183.500,-46.015,-47.960,4
197,054138.00,37.3036233,127.9069022,183.500,-46.266,-48.220,4
198,054138.25,37.3036210,127.9068992,183.500,-46.532,-48.480,4
199,054138.50,37.3036187,127.9068963,183.500,-46.783,-48.740,4
200,054138.75,37.3036162,127.9068937,183.500,-47.019,-49.018,4
201,054139.00,37.3036137,127.9068908,183.600,-47.270,-49.296,4
202,054139.25,37.3036110,127.9068878,183.500,-47.535,-49.593,4
203,054139.50,37.3036087,127.9068845,183.500,-47.830,-49.853,4
204,054139.75,37.3036062,127.9068813,183.500,-48.111,-50.131,4
205,054140.00,37.3036037,127.9068783,183.500,-48.376,-50.409,4
206,054140.25,37.3036012,127.9068755,183.500,-48.627,-50.688,4
207,054140.50,37.3035988,127.9068723,183.500,-48.908,-50.947,4
208,054140.75,37.3035963,127.9068693,183.500,-49.173,-51.226,4
209,054140.88,37.3035950,127.9068677,183.500,-49.321,-51.374,4
210,054141.13,37.3035925,127.9068652,183.500,-49.542,-51.652,4
211,054141.38,37.3035902,127.9068623,183.500,-49.793,-51.912,4
212,054141.63,37.3035880,127.9068597,183.500,-50.029,-52.153,4
213,054141.88,37.3035857,127.9068565,183.500,-50.310,-52.413,4
214,054142.00,37.3035842,127.9068550,183.500,-50.442,-52.580,4
215,054142.25,37.3035817,127.9068523,183.500,-50.679,-52.858,4
216,054142.50,37.3035792,127.9068493,183.500,-50.944,-53.137,4
217,054142.75,37.3035767,127.9068465,183.500,-51.195,-53.415,4
218,054143.00,37.3035742,127.9068433,183.500,-51.476,-53.693,4
219,054143.25,37.3035717,127.9068410,183.500,-51.682,-53.972,4
220,054143.50,37.3035692,127.9068382,183.500,-51.933,-54.250,4
221,054143.75,37.3035668,127.9068353,183.500,-52.184,-54.510,4
222,054144.00,37.3035645,127.9068323,183.500,-52.450,-54.769,4
223,054144.25,37.3035620,127.9068298,183.500,-52.671,-55.048,4
224,054144.50,37.3035595,127.9068268,183.500,-52.937,-55.326,4
225,054144.75,37.3035573,127.9068242,183.500,-53.173,-55.567,4
226,054145.00,37.3035548,127.9068213,183.500,-53.424,-55.846,4
227,054145.25,37.3035525,127.9068187,183.500,-53.660,-56.105,4
228,054145.50,37.3035500,127.9068160,183.500,-53.896,-56.384,4
229,054145.75,37.3035480,127.9068132,183.500,-54.147,-56.606,4
230,054146.00,37.3035458,127.9068105,183.500,-54.383,-56.847,4
231,054146.25,37.3035435,127.9068082,183.500,-54.589,-57.107,4
232,054146.50,37.3035415,127.9068058,183.500,-54.796,-57.330,4
233,054146.75,37.3035400,127.9068038,183.500,-54.973,-57.497,4
234,054147.00,37.3035385,127.9068023,183.500,-55.106,-57.664,4
235,054147.38,37.3035370,127.9068005,183.500,-55.268,-57.831,4
